19005816,success
1718732,success
1505044,success
6228792,success
7182327,success
2000053,success
9018873,success
11547937,success
1331572,success
440533,success
629541,success
363805,success
350074,success
352188,success
22358790,success
18592668,success
24202979,success
1204213,success
5016364,success
1845806,success
6190481,success
1176562,success
6131377,success
5074565,success
513486,success
497232,success
553604,success
8317312,success
21966566,success
487893,success
1944122,success
5055873,success
6418560,success
6722340,success
10406915,success
12305313,success
6131687,success
10176017,success
373884,success
6892129,success
22358820,success
23479711,success
12775190,success
10711820,success
5286790,success
428048,success
368435,success
6578770,success
5340783,success
21966632,success
22358807,success
22969895,success
22360030,success
23883582,success
25436802,success
25499979,success
25571077,success
25585756,success
25597731,success
25550225,success
26097848,success
25607531,success
25616149,success
1308429,success
8866962,success
6287120,success
6534385,success
2323607,success
6760804,success
5341704,success
365184,success
865663,success
1375137,success
18112086,success
22359389,success
22969992,success
23480273,success
24424032,success
6455044,success
1203010,success
1210147,success
22359523,success
19033050,success
5341788,success
7635346,success
12501417,success
14674242,success
11343957,success
1570932,success
1577659,success
8316594,success
22970013,success
19011609,success
23480337,success
24454165,success
24203132,success
23155836,success
6132244,success
352186,success
587671,success
5728625,success
11318565,success
9881392,success
11604465,success
6957766,success
16325364,success
3938418,success
7323238,success
22359808,success
22970121,success
23480786,success
2329087,success
1414931,success
24203140,success
4854365,success
1655672,success
10056562,success
1415049,success
8534491,success
6206223,success
7115540,success
8315973,success
497048,success
358838,success
1415742,success
365375,success
19157938,success
22359946,success
24495563,success
24203335,success
24709798,success
22467642,success
25045332,success
25240735,success
1880010,success
5939145,success
8833032,success
2324053,success
6479971,success
11548334,success
5340679,success
3875628,success
1585795,success
6151161,success
9619954,success
15809643,success
1880563,success
23480924,success
23884612,success
365846,success
2637470,success
10871201,success
7769800,success
10407019,success
1319002,success
365618,success
1333415,success
1904845,success
433909,success
29161990,success
22971159,success
23481379,success
23481870,success
23884585,success
24709650,success
5265993,success
1489599,success
2001541,success
1880454,success
1365017,success
1333421,success
19513054,success
831372,success
20948590,success
22079534,success
22079555,success
22290094,success
22972465,success
27214225,success
7796834,success
8386742,success
1905598,success
15516258,success
6132412,success
19315495,success
1902254,success
1289318,success
5565280,success
11898917,success
6338729,success
26064984,success
22360145,success
14677351,success
24203566,success
1622273,success
1906459,success
5602441,success
6709251,success
1184632,success
846213,success
1289357,success
828710,success
22100095,success
11397377,success
6585557,success
23481612,success
22972615,success
23884715,success
24495654,success
24708865,success
24889898,success
25148904,success
20352612,success
6089997,success
7797050,success
11214179,success
1059465,success
3160023,success
6941639,success
5533243,success
1308456,success
2460370,success
1674436,success
6709734,success
6282485,success
8796681,success
1289514,success
7075904,success
8632771,success
5567004,success
22132052,success
22360301,success
22840448,success
23481427,success
23885014,success
24204072,success
27142278,success
26122939,success
4922068,success
3177757,success
7141806,success
368550,success
6355698,success
1319094,success
4898772,success
1880716,success
587817,success
1492402,success
22132045,success
22360422,success
27095115,success
22972822,success
2104537,success
17704625,success
5520537,success
10259723,success
7137924,success
650887,success
19768941,success
3408974,success
8606025,success
14095120,success
6376588,success
4895395,success
20048458,success
871730,success
22360497,success
6761275,success
2105277,success
622961,success
369158,success
640802,success
1349129,success
3361994,success
1943820,success
1720415,success
8606516,success
1011663,success
20030755,success
20516581,success
22360403,success
17413962,success
23482140,success
23480982,success
25436807,success
25501130,success
25549188,success
25571346,success
12452910,success
7018714,success
8741666,success
17132447,success
831016,success
2637844,success
5269217,success
24495827,success
22360760,success
3910957,success
4898810,success
5393164,success
13409757,success
2162066,success
448960,success
1492591,success
5343845,success
1211868,success
22360730,success
22360794,success
22973152,success
19047452,success
23482141,success
23173057,success
24204092,success
24710112,success
24454940,success
24495887,success
26514820,success
24890144,success
9119796,success
25250770,success
25371789,success
5615395,success
5520835,success
364598,success
1417767,success
5504947,success
5012986,success
1881372,success
830575,success
2943551,success
5022410,success
5520727,success
12661075,success
1342292,success
5269333,success
22973109,success
5569905,success
7412224,success
9453710,success
671796,success
366725,success
16844437,success
1846882,success
5253193,success
1012295,success
6779707,success
17562995,success
7836659,success
21323432,success
26581499,success
8290498,success
364994,success
380218,success
1656301,success
11037842,success
1656391,success
1874701,success
17442862,success
22361348,success
22973555,success
13145501,success
5521019,success
10406078,success
12866200,success
332243,success
1012550,success
20362707,success
20991488,success
19737323,success
22361210,success
21327860,success
23225383,success
20425217,success
23885237,success
24204261,success
26557069,success
24710198,success
3927444,success
367658,success
5615903,success
5020262,success
8146437,success
6742350,success
1556701,success
712442,success
12980743,success
13175675,success
8272118,success
7399669,success
365280,success
8317565,success
6732757,success
6883479,success
1875710,success
1813555,success
1365444,success
2023404,success
1582655,success
367701,success
7843789,success
22361690,success
22975428,success
20348339,success
23885160,success
24204418,success
1206724,success
24710416,success
24455089,success
25437007,success
24890332,success
8602722,success
19014071,success
365633,success
372000,success
6190526,success
1875833,success
6710020,success
6620778,success
10738357,success
376996,success
6590519,success
388621,success
5849183,success
22361605,success
22975962,success
23482442,success
23885308,success
6984109,success
9959802,success
664288,success
8317617,success
1253877,success
6480322,success
524429,success
14682746,success
632447,success
555064,success
13898466,success
13142720,success
1205869,success
6435499,success
813278,success
372059,success
513218,success
1141051,success
22362011,success
880485,success
22976514,success
24204545,success
24455254,success
14454301,success
15856656,success
3152687,success
18726621,success
1177888,success
5848293,success
6782470,success
8271123,success
19452897,success
591117,success
22362056,success
25366992,success
367266,success
709291,success
1798450,success
2953549,success
7664262,success
1331327,success
1308863,success
365695,success
29162401,success
19250124,success
20253551,success
22362210,success
22976711,success
6168973,success
24204630,success
24455724,success
24496224,success
24710577,success
26581113,success
1611401,success
19256718,success
7421261,success
5229425,success
19895737,success
14894883,success
6625213,success
8318098,success
20133507,success
759630,success
22362232,success
22976850,success
23482613,success
23885943,success
24204706,success
24496437,success
24710691,success
25045485,success
1882310,success
9621458,success
729417,success
17205412,success
364520,success
366188,success
1746229,success
9083037,success
386849,success
3159998,success
19856509,success
20948900,success
5706180,success
6837447,success
12981001,success
6034919,success
6258219,success
6722392,success
9070424,success
6207995,success
845742,success
22362329,success
14691069,success
24496433,success
507012,success
24580710,success
24890521,success
25045501,success
2323845,success
10397965,success
1882489,success
5544687,success
5769209,success
7927992,success
6885120,success
5232246,success
19452374,success
1289656,success
422857,success
20649768,success
6187115,success
11376467,success
5850371,success
1882536,success
1505978,success
377801,success
20351739,success
829225,success
20049157,success
578287,success
19602772,success
23886067,success
24205188,success
1121309,success
11887097,success
12880822,success
749060,success
5200703,success
365602,success
561388,success
21703471,success
1365476,success
1625618,success
27135472,success
1622063,success
5269660,success
1365531,success
9436054,success
6631059,success
5384960,success
22362547,success
22977426,success
23482972,success
27135720,success
423835,success
27172877,success
27196827,success
27196864,success
369851,success
5046460,success
1308959,success
5270910,success
1619314,success
10120985,success
2830848,success
12981241,success
8318827,success
5581033,success
442676,success
365865,success
22362920,success
22977749,success
23483438,success
23886073,success
5515076,success
14049245,success
5385775,success
5240983,success
6333302,success
6632086,success
10711864,success
5271404,success
6323823,success
1365553,success
20144112,success
22362952,success
22978055,success
24496564,success
23483582,success
27135572,success
27223099,success
16988085,success
3181746,success
5271539,success
7797244,success
9029589,success
19867437,success
5386500,success
372680,success
7263511,success
7147552,success
1319088,success
22363134,success
22978116,success
23483978,success
23886132,success
24205217,success
23711640,success
24496608,success
25308691,success
1365730,success
1940115,success
14086717,success
11376535,success
3325685,success
2044213,success
6329252,success
2473255,success
22363127,success
22978130,success
23484096,success
23886330,success
24205129,success
24456064,success
22206323,success
1365743,success
20844767,success
1583165,success
1405564,success
18704890,success
7161860,success
6512662,success
7867002,success
6578372,success
25437081,success
22363198,success
5038873,success
22978491,success
23484574,success
25500383,success
366858,success
5676017,success
1349304,success
6186315,success
29162492,success
1099062,success
2003149,success
887502,success
363864,success
22363230,success
24206004,success
22978672,success
24711403,success
24496808,success
24890670,success
25045545,success
24456098,success
25149244,success
25241177,success
26065009,success
1908036,success
1609361,success
7994489,success
365582,success
6964528,success
7797673,success
840871,success
2375756,success
473513,success
1309004,success
22979581,success
23485450,success
2473504,success
8028785,success
5243843,success
366019,success
1509109,success
9959862,success
6132777,success
6173390,success
6522714,success
7808657,success
1285195,success
1799030,success
20266205,success
22363228,success
22980280,success
22979732,success
14540061,success
24206063,success
24456072,success
24497030,success
24711476,success
25045568,success
25085267,success
704829,success
5018744,success
1012329,success
367595,success
6511159,success
378022,success
6189083,success
2134116,success
1349462,success
5019085,success
365167,success
22363257,success
23485632,success
22987198,success
24206079,success
24456238,success
5244330,success
6191437,success
3147426,success
6722325,success
9682487,success
827796,success
8028882,success
5997212,success
366908,success
1365710,success
22363464,success
1177485,success
22979879,success
23485661,success
23886810,success
24206480,success
24456424,success
24770905,success
1225109,success
5200528,success
6340718,success
1799559,success
9192673,success
22363206,success
7799114,success
1788919,success
7115561,success
25179620,success
25585594,success
25500419,success
29162754,success
25597788,success
25571375,success
1088360,success
25619382,success
25620875,success
829711,success
6198589,success
1175564,success
6734185,success
359483,success
502593,success
12981342,success
19918329,success
20948958,success
26516284,success
19012853,success
19634602,success
22363784,success
22979987,success
1799864,success
2105922,success
6847691,success
740800,success
5573391,success
5897334,success
372579,success
420977,success
19024883,success
1233080,success
20844942,success
20875661,success
22363771,success
22980002,success
23485907,success
23887140,success
26114836,success
5984924,success
14635155,success
6862024,success
13672411,success
1966912,success
14824739,success
6722256,success
13404091,success
10121999,success
7638053,success
7496689,success
5521794,success
6192740,success
1049236,success
13096749,success
22364042,success
25149327,success
25371914,success
25437140,success
398719,success
6443730,success
834639,success
5427697,success
5253370,success
11613151,success
787343,success
2325074,success
9893163,success
22364154,success
22976035,success
23486184,success
22171658,success
23887195,success
25437241,success
25372285,success
25500520,success
25549391,success
27135771,success
5344116,success
1290116,success
5610582,success
11405428,success
955903,success
765237,success
13527814,success
5522226,success
10876310,success
1365573,success
16584591,success
1278541,success
1674629,success
3751083,success
5295834,success
16951364,success
11344363,success
16863337,success
951201,success
372098,success
5179340,success
6987472,success
22364085,success
1675064,success
22980403,success
18972883,success
23887408,success
23887541,success
7413069,success
6591352,success
422950,success
12078420,success
7638172,success
852383,success
5522398,success
1153791,success
1255431,success
22364076,success
5181208,success
830248,success
5296120,success
2325428,success
1098929,success
18078053,success
367386,success
1874941,success
1850049,success
16004792,success
5403197,success
22364214,success
22978551,success
23486556,success
6569425,success
24206494,success
5420003,success
6569431,success
14698477,success
14737061,success
2460334,success
5119007,success
6341088,success
1880790,success
5514943,success
376259,success
483993,success
24456492,success
389556,success
6193520,success
513424,success
13053467,success
26021613,success
16966500,success
1417933,success
513979,success
385990,success
5386609,success
6535434,success
8091013,success
22364386,success
22981073,success
23887559,success
9389605,success
5572201,success
3178299,success
1747994,success
5201505,success
6470389,success
21388778,success
23486558,success
22981635,success
20050615,success
23887582,success
24207141,success
24456805,success
24712328,success
5618757,success
16004824,success
6902598,success
1979213,success
996239,success
5525647,success
6194046,success
5393186,success
6579387,success
22364809,success
22981990,success
23487133,success
23286946,success
24457438,success
802448,success
1087718,success
24891046,success
24497210,success
25046280,success
25437412,success
25308701,success
25373014,success
25410889,success
11405884,success
14825347,success
8328374,success
1770205,success
1291100,success
368475,success
446094,success
1430743,success
8833690,success
3189335,success
22364951,success
12151541,success
22982098,success
26065201,success
23487166,success
6848316,success
12722323,success
5260381,success
6115163,success
5253351,success
7284084,success
1675757,success
1893764,success
26021971,success
8606943,success
9331679,success
11444825,success
12906717,success
1623917,success
1349644,success
23487168,success
1750968,success
18860508,success
1291279,success
1751178,success
1909699,success
1800052,success
1692765,success
1724013,success
1944978,success
5526361,success
22243398,success
22983080,success
23487205,success
1291277,success
24207588,success
24457561,success
24497516,success
19647952,success
6659349,success
6215834,success
7524393,success
6284327,success
1913339,success
11613260,success
1179571,success
1349718,success
774521,success
4871737,success
862920,success
1310010,success
22983368,success
12791876,success
23888122,success
710492,success
367251,success
1945062,success
375046,success
861595,success
6480869,success
386439,success
499928,success
1946184,success
370882,success
5525622,success
2077333,success
714447,success
1658552,success
22365486,success
24497707,success
17358355,success
22983269,success
23487332,success
23888151,success
24458134,success
25308720,success
24711774,success
24891326,success
25046297,success
25437566,success
25241681,success
25411995,success
25373044,success
25500647,success
25549398,success
5999286,success
25585681,success
25597010,success
27196871,success
1675828,success
1947051,success
6723787,success
6115339,success
5077372,success
20265397,success
5901451,success
375721,success
1297591,success
831541,success
1319537,success
6189686,success
7413213,success
11336233,success
1572472,success
8716237,success
14806861,success
5206667,success
1751292,success
5297969,success
5770811,success
367787,success
22365624,success
22984084,success
26516291,success
23487402,success
6285260,success
8442461,success
879017,success
1624334,success
5206332,success
5902645,success
1658781,success
5526608,success
6285533,success
6769891,success
19322502,success
1149699,success
14318662,success
6913546,success
829417,success
1692747,success
6787444,success
8091549,success
1850935,success
5410510,success
11338004,success
19306997,success
22365667,success
22984557,success
24497888,success
26581207,success
368106,success
848253,success
367488,success
366261,success
375716,success
1850938,success
5903024,success
380048,success
1693492,success
848271,success
12662743,success
19793122,success
1212032,success
22984706,success
23487390,success
23888422,success
24208528,success
24497931,success
24458187,success
24711783,success
6512810,success
18665339,success
6632887,success
5162614,success
17438585,success
1850944,success
1582994,success
19860763,success
25437665,success
24711816,success
25046305,success
25150098,success
25241710,success
12032387,success
25373059,success
25412158,success
1693544,success
14736966,success
1800049,success
427997,success
746886,success
5021073,success
6974478,success
1291389,success
6132858,success
6285537,success
5571356,success
5182105,success
25437467,success
4845289,success
2703538,success
6285573,success
10454286,success
6478457,success
14868686,success
2245298,success
380104,success
411827,success
7270078,success
6971508,success
1310477,success
26516315,success
1209677,success
26557100,success
23487490,success
366234,success
6481292,success
1499617,success
5151611,success
6018519,success
6724077,success
376084,success
5793834,success
16176630,success
19019193,success
14808661,success
22366522,success
23487699,success
23888636,success
24458264,success
24498152,success
24711830,success
24883685,success
1333600,success
1751787,success
6481346,success
1408355,success
5021776,success
481446,success
8745662,success
14636886,success
19791892,success
376102,success
22333589,success
22985658,success
26516525,success
22985833,success
7182698,success
5998951,success
608178,success
15213401,success
8521065,success
12594400,success
1752320,success
368025,success
366939,success
14852789,success
1408736,success
1724685,success
370862,success
8605641,success
367918,success
7085688,success
508061,success
19032067,success
19651785,success
847925,success
11433907,success
22366562,success
22985678,success
24208802,success
23888761,success
23489027,success
24458524,success
24498479,success
24711490,success
24712288,success
24891593,success
1467061,success
1409340,success
404343,success
6160337,success
6328184,success
5527838,success
1837414,success
6627849,success
2530294,success
6270547,success
1244125,success
25046320,success
1725113,success
8081985,success
1334300,success
1327488,success
6216846,success
1693757,success
6329477,success
5528710,success
645644,success
18773116,success
5723744,success
573044,success
7101687,success
5552178,success
12826830,success
20247475,success
6569765,success
7028061,success
5931949,success
2046455,success
2046755,success
14935325,success
6591042,success
452179,success
22366595,success
19787925,success
22985914,success
23487940,success
23888794,success
26516641,success
26557119,success
26596176,success
5404636,success
16512364,success
5195941,success
392918,success
411655,success
1024920,success
22366630,success
640901,success
19858722,success
22985932,success
23888933,success
24208827,success
9193434,success
3229039,success
6471531,success
6404948,success
7686780,success
7183438,success
436976,success
594176,success
5035487,success
5669819,success
6236131,success
22366812,success
22985957,success
23487995,success
677204,success
1573441,success
6078802,success
366201,success
14737174,success
3867277,success
594187,success
6179018,success
830780,success
371490,success
379265,success
414644,success
7524926,success
8146747,success
7378521,success
736084,success
22209953,success
22986426,success
1947461,success
3941752,success
11212057,success
6502475,success
369785,success
495696,success
1204078,success
19553578,success
22367140,success
15429653,success
22986469,success
22986881,success
23488194,success
24209076,success
23889148,success
24458883,success
13974045,success
1319645,success
1291740,success
5770987,success
5404787,success
848253,success
6572022,success
9786103,success
17821272,success
20949129,success
22367392,success
25241760,success
1310522,success
386243,success
9837520,success
5831013,success
6321431,success
8505038,success
9208318,success
5978650,success
1291933,success
5200257,success
455410,success
21783169,success
701723,success
24711586,success
11610805,success
24209174,success
24499253,success
24458903,success
25373140,success
6286936,success
5830924,success
5706524,success
6079375,success
1763488,success
8739324,success
14654757,success
14579702,success
14852969,success
17093508,success
374092,success
19560611,success
22367475,success
23488268,success
23889221,success
374394,success
26557107,success
829199,success
5021828,success
5619966,success
828991,success
3947038,success
2048445,success
5830115,success
6471587,success
1012302,success
5769891,success
1913792,success
5126644,success
16522834,success
1838604,success
380529,success
22367538,success
22367651,success
7525168,success
600589,success
1296605,success
29162882,success
5529636,success
1938143,success
11339060,success
19787981,success
1945545,success
512569,success
20050610,success
1409243,success
6098407,success
7698631,success
2352312,success
2347448,success
22367681,success
1123647,success
22986995,success
24209404,success
11622901,success
24499257,success
23889391,success
2420234,success
24712089,success
24713089,success
25438218,success
25291084,success
25241947,success
25150102,success
5771352,success
1350063,success
20005797,success
5030401,success
11571283,success
370951,success
8683960,success
14648947,success
15000290,success
3412798,success
1949118,success
11613308,success
22367716,success
439795,success
22987787,success
1310730,success
1328115,success
7446952,success
11571401,success
1725392,success
5793346,success
691810,success
22367804,success
7381650,success
1947002,success
2811637,success
3413039,success
456616,success
22987714,success
366680,success
779724,success
6397942,success
1219997,success
20845210,success
23488494,success
1695015,success
22367974,success
494613,success
23889528,success
24209410,success
24459653,success
24499301,success
24891716,success
24712276,success
1796672,success
410570,success
1300580,success
3413353,success
2051766,success
5622291,success
22368380,success
13186569,success
956722,success
5022417,success
22988035,success
23889632,success
24209827,success
24459872,success
26065244,success
16844634,success
5529940,success
1311212,success
7229697,success
555288,success
376353,success
17030857,success
13473322,success
17385341,success
18792349,success
22368601,success
26596131,success
1695869,success
390879,success
465876,success
7436468,success
2055983,success
21966772,success
22368628,success
22988083,success
23488711,success
24459958,success
24890829,success
26098111,success
15605210,success
26065681,success
26517241,success
26136766,success
9731037,success
365656,success
3989005,success
5956588,success
7809976,success
6754139,success
6837646,success
377433,success
1335135,success
6097923,success
27173387,success
10114955,success
24499718,success
23436697,success
14853227,success
1198528,success
10350887,success
6988114,success
1311519,success
381801,success
13685197,success
374676,success
7447397,success
2058441,success
26517136,success
25339542,success
26115046,success
26123185,success
26581430,success
26133592,success
1184885,success
6322009,success
502829,success
8091721,success
3105871,success
7910120,success
1311574,success
5671983,success
1335250,success
19641459,success
1335202,success
20115913,success
22355989,success
23889877,success
24210631,success
1337253,success
6728525,success
1676417,success
7099150,success
13672519,success
9894767,success
5906083,success
5771522,success
7837143,success
2061836,success
1669897,success
22369020,success
6237748,success
10510909,success
14650799,success
9119809,success
5127251,success
1206123,success
1319904,success
1410153,success
1626769,success
1319965,success
14593500,success
3948478,success
15810323,success
22369130,success
22988909,success
29163113,success
25438225,success
8746498,success
5530435,success
7271105,success
828416,success
366980,success
403922,success
441721,success
1883694,success
703929,success
23890008,success
22369158,success
12198981,success
5030925,success
393522,success
15689547,success
9193986,success
27135567,success
376765,success
367578,success
19854792,success
22989933,success
23489302,success
24712533,success
596523,success
24460061,success
24739171,success
25046791,success
25130153,success
25438228,success
25241976,success
1876238,success
1838741,success
5572928,success
7489255,success
1839249,success
1676707,success
22369525,success
22989434,success
666928,success
23890274,success
24499858,success
1807486,success
1883461,success
6341638,success
14209385,success
6996501,success
12717492,success
1599100,success
5063213,success
16949564,success
27135782,success
22989692,success
1320049,success
6624304,success
8061456,success
7268822,success
6429509,success
16512455,success
1320117,success
1885784,success
1507783,success
941935,success
6857194,success
27135853,success
1418952,success
22369670,success
5806357,success
16697463,success
1314817,success
6606126,success
20712714,success
19675795,success
11822470,success
19820220,success
17705028,success
22369929,success
22990108,success
23473507,success
23890468,success
377134,success
24210867,success
6341938,success
8746488,success
9193241,success
555540,success
3753571,success
1885843,success
1351202,success
1626949,success
1507977,success
18024606,success
1265631,success
1840483,success
24500711,success
22370012,success
377287,success
12350861,success
429555,success
368308,success
1811121,success
398179,success
365300,success
5274748,success
3948869,success
1221465,success
20015310,success
5562390,success
5511297,success
1584171,success
12963886,success
5957706,success
13126874,success
22990159,success
23489491,success
23890818,success
24211092,success
22208854,success
21285646,success
25598062,success
25585894,success
25572665,success
25455241,success
25597989,success
26066683,success
25612902,success
25613756,success
25616211,success
25619274,success
26607138,success
376895,success
5531127,success
9621487,success
8092057,success
375579,success
2873593,success
11123834,success
1695580,success
19641935,success
27173622,success
22370944,success
16567976,success
6783014,success
6996496,success
394035,success
9702375,success
15729036,success
6472653,success
1348541,success
18792380,success
14637052,success
6781395,success
375005,success
18813504,success
14612142,success
20845336,success
22370994,success
23489561,success
23890846,success
24460200,success
24211162,success
20975417,success
17907318,success
18024997,success
1914871,success
1104448,success
844059,success
6579731,success
6719616,success
7420955,success
4857437,success
28976662,success
430714,success
668993,success
10455409,success
2165561,success
5156354,success
1584621,success
12665112,success
5531064,success
7378510,success
14853465,success
393076,success
6740438,success
6341790,success
22371600,success
371435,success
6651057,success
591339,success
836823,success
466841,success
9388514,success
6216723,success
767456,success
5542498,success
19558471,success
377826,success
28976650,success
23489763,success
23618675,success
24211237,success
24892598,success
7886658,success
1193108,success
1410145,success
1853512,success
2166887,success
1335792,success
6971874,success
2643517,success
399372,success
6781927,success
14872762,success
17161252,success
5275540,success
1627193,success
2645880,success
367579,success
7837819,success
8356228,success
5299159,success
22371664,success
22990938,success
5063524,success
1410976,success
12919815,success
18956942,success
6124193,success
9896178,success
18396246,success
452060,success
1627241,success
22371695,success
22990193,success
24460115,success
5064037,success
7378545,success
1840999,success
1230928,success
5508570,success
1320461,success
374717,success
1311978,success
20712726,success
19927276,success
5980826,success
1296645,success
3948951,success
19014565,success
1312039,success
5287070,success
835039,success
3805895,success
22371738,success
23489981,success
14115121,success
22991410,success
9700628,success
29163293,success
24712753,success
13608545,success
18824719,success
421721,success
17909188,success
1412854,success
1575903,success
1317415,success
22372163,success
24501876,success
3418580,success
3194335,success
6178004,success
7378503,success
377518,success
394330,success
17705565,success
1695524,success
1351768,success
457943,success
386651,success
22991573,success
2646493,success
22372355,success
1576122,success
5450509,success
2375177,success
1389892,success
393964,success
2168156,success
3419180,success
2646551,success
22992316,success
5981619,success
18086012,success
16394384,success
1168028,success
6213690,success
1336884,success
629574,success
6763459,success
10457453,success
1375136,success
1574000,success
23490133,success
20969588,success
23891109,success
24501490,success
24211456,success
1584885,success
5014634,success
2255127,success
6733381,success
1683729,success
14050320,success
13527769,success
19628632,success
22372694,success
1854018,success
1576375,success
5531231,success
377987,success
1854035,success
5771535,success
1292878,success
19727061,success
22992864,success
6579922,success
13726963,success
831535,success
6780850,success
17560532,success
6633124,success
7448677,success
22371134,success
23891180,success
12913265,success
12560388,success
2479407,success
6610762,success
6405454,success
23075533,success
3194969,success
5400230,success
458372,success
5323024,success
22992864,success
23891269,success
24093763,success
24461044,success
24891867,success
25046944,success
25242115,success
25309285,success
25307341,success
3403155,success
9732955,success
7224772,success
9236499,success
1136449,success
1337030,success
1292968,success
1855487,success
2648699,success
1928609,success
3419505,success
7085859,success
1885992,success
7449616,success
24211224,success
9803930,success
1585514,success
25438604,success
1327879,success
1508342,success
6600859,success
6783942,success
9733158,success
8081752,success
7286783,success
19487852,success
3421687,success
22258550,success
22993035,success
1640541,success
650817,success
14204969,success
1786595,success
22993138,success
1366086,success
5064348,success
6256744,success
3421885,success
1414252,success
6118007,success
828403,success
636251,success
18052388,success
24461228,success
24501595,success
24890481,success
20453477,success
1696050,success
3403292,success
5793520,success
3421880,success
1585651,success
9666569,success
379828,success
409162,success
431828,success
7402449,success
22374012,success
22374325,success
22993432,success
23491102,success
23891531,success
24461425,success
7525781,success
414684,success
390640,success
9275445,success
837425,success
5692084,success
14565199,success
21916188,success
25150559,success
22993626,success
23491190,success
24501637,success
24461694,success
24613357,success
395818,success
828041,success
17905921,success
26517569,success
25309405,success
25373497,success
25438775,success
5628301,success
6406429,success
8083420,success
5981923,success
6784088,success
935373,success
6879265,success
389769,success
451247,success
19676117,success
21152614,success
22993728,success
23425136,success
5689566,success
23891591,success
593275,success
24461705,success
24501836,success
24892480,success
1419404,success
389118,success
5531701,success
5628951,success
1696430,success
6857139,success
9656657,success
5245775,success
7750423,success
19864660,success
12552357,success
27214492,success
1337021,success
11465682,success
3403020,success
5048619,success
1682708,success
7487894,success
6189896,success
9209403,success
389095,success
829228,success
22374217,success
22993917,success
24712682,success
1351793,success
19793245,success
5275869,success
1508371,success
14637543,success
829791,success
5232557,success
7959550,success
379866,success
21916188,success
23491305,success
22993933,success
1205560,success
5073576,success
6080001,success
16040253,success
6098136,success
1799892,success
1509439,success
1915477,success
611411,success
2167581,success
22374425,success
22994247,success
23492084,success
3757999,success
590518,success
1918275,success
5276049,success
7403017,success
1351677,success
19010131,success
19606977,success
7251371,success
22079858,success
22372993,success
22994409,success
23492396,success
23891434,success
24211795,success
24461880,success
25150708,success
392650,success
1725931,success
1753024,success
1804988,success
2171117,success
5531868,success
7526677,success
19606985,success
22374536,success
24461966,success
1800777,success
416693,success
14435556,success
5007769,success
664096,success
7920951,success
585543,success
6329461,success
1235770,success
409745,success
20003445,success
1312586,success
19607127,success
17635613,success
3422510,success
10544938,success
1920753,success
4888711,success
403707,success
18379285,success
16516898,success
7431243,success
1800801,success
8632666,success
364625,success
22374542,success
6452139,success
19964604,success
23891964,success
24212686,success
24711752,success
24462263,success
24502077,success
1312772,success
1162970,success
884843,success
24500778,success
7809979,success
377573,success
6935469,success
18836385,success
20649780,success
22374734,success
22994586,success
5530569,success
6836581,success
1337028,success
1366451,success
14202646,success
5438564,success
8576133,success
423571,success
393630,success
12680821,success
1922404,success
20266612,success
827683,success
22374747,success
20531675,success
22994598,success
23490362,success
18177026,success
24462342,success
24892767,success
24713253,success
1510461,success
14610969,success
865214,success
5552644,success
393405,success
3864272,success
396045,success
4397937,success
4929194,success
5184653,success
24501361,success
26607151,success
779932,success
1171031,success
19794150,success
12194819,success
1511122,success
13678565,success
374848,success
13095187,success
577554,success
500009,success
22994773,success
9532680,success
14593576,success
22374761,success
5111993,success
5689822,success
2465325,success
11602203,success
17563554,success
420428,success
1576626,success
439707,success
5687968,success
5112800,success
1576762,success
5244795,success
1677059,success
2467429,success
6625541,success
14825264,success
390596,success
556147,success
374392,success
1984737,success
1627065,success
22374800,success
22995203,success
25242159,success
2467476,success
19474956,success
7378693,success
22995683,success
659255,success
6964746,success
9652964,success
1565744,success
9390737,success
7924062,success
1317128,success
22374988,success
23603654,success
23492989,success
24462346,success
25438791,success
24213136,success
24713267,success
24502478,success
1588889,success
6396347,success
5113905,success
6116928,success
1337018,success
1511251,success
20034218,success
866810,success
11132582,success
555900,success
22374504,success
25439584,success
22995788,success
24892955,success
25501543,success
25549582,success
25572901,success
25569351,success
25607973,success
4170007,success
12501713,success
6913805,success
1205258,success
6417879,success
6243494,success
14167927,success
1588757,success
5113957,success
13168379,success
6896325,success
19715839,success
12598505,success
8651764,success
6132979,success
6445415,success
14597541,success
385928,success
1150666,success
13715558,success
20183039,success
13781497,success
19416476,success
25047357,success
6217159,success
1512485,success
8878555,success
14589459,success
5579561,success
6217060,success
6152511,success
397526,success
6469868,success
20598565,success
10072359,success
1676927,success
7378896,success
9935272,success
5579139,success
8484976,success
4976199,success
7652765,success
11511742,success
1352376,success
812517,success
22375514,success
22375539,success
23492842,success
2708806,success
5276467,success
12866817,success
456371,success
1677466,success
1984849,success
1195457,success
22996586,success
5276190,success
6580105,success
6972706,success
6598937,success
523576,success
395939,success
12078419,success
1223538,success
12598572,success
13499790,success
24502733,success
5553593,success
24213241,success
24462826,success
24893080,success
25047522,success
25242262,success
25373620,success
386886,success
12681141,success
1880391,success
5287350,success
5579094,success
26517782,success
6447761,success
11368335,success
3758733,success
1801907,success
1886461,success
1589683,success
1985334,success
10756992,success
526979,success
6754859,success
5559721,success
1337228,success
4875753,success
1986038,success
16747519,success
5576799,success
22996608,success
22375701,success
6324954,success
23892659,success
26066923,success
18568106,success
5299638,success
8218329,success
20712948,success
15294475,success
411758,success
866810,success
1802087,success
5207992,success
23900943,success
4876321,success
6492240,success
6140377,success
10850236,success
452574,success
22997004,success
23493747,success
24213526,success
27136704,success
26621829,success
27173635,success
27197450,success
18545566,success
8328685,success
6770410,success
416047,success
27136327,success
7886920,success
14749200,success
409664,success
19319143,success
22980367,success
19539802,success
23493759,success
23892993,success
1572303,success
1986713,success
381006,success
5277736,success
1589426,success
1754031,success
5689642,success
6080828,success
22375699,success
22998615,success
23493868,success
24713639,success
23892994,success
8684364,success
450243,success
396587,success
8878968,success
455867,success
477311,success
14178245,success
26022451,success
15969581,success
24502766,success
22376412,success
24713839,success
24893107,success
14887951,success
24213559,success
20534684,success
25027356,success
25151105,success
25242548,success
25309435,success
26022638,success
26068075,success
14603418,success
26098857,success
1366788,success
7115521,success
5278014,success
493141,success
12501717,success
3759671,success
22376357,success
25439478,success
23494073,success
23893050,success
24213707,success
24213814,success
24462864,success
2120632,success
13290634,success
1337432,success
8359758,success
5576940,success
5184830,success
6198526,success
1204175,success
5576952,success
2383602,success
22999280,success
28497110,success
23494155,success
24463545,success
24502828,success
24714218,success
24893509,success
25151300,success
10456964,success
3867775,success
5278327,success
661717,success
6407084,success
5185047,success
6168236,success
488158,success
1678016,success
1205858,success
588199,success
22376705,success
22999313,success
23494303,success
22344962,success
24475737,success
3910447,success
6617054,success
11948255,success
7380427,success
6834370,success
5108897,success
827664,success
5578370,success
22375616,success
22999487,success
386197,success
25439605,success
669047,success
25501523,success
25549874,success
26557409,success
25572933,success
25607974,success
465038,success
5308454,success
5557337,success
7378539,success
2649018,success
1575307,success
626862,success
405717,success
841263,success
1803682,success
445148,success
19632256,success
26115417,success
23494925,success
6341772,success
1017702,success
18850031,success
6787428,success
5999487,success
14637959,success
1787299,success
943349,success
22377074,success
22999600,success
14807490,success
20232559,success
21270877,success
24714241,success
25047982,success
25151388,success
8244197,success
25309439,success
1755903,success
5535165,success
17946239,success
6273905,success
829530,success
5729237,success
6015056,success
565245,success
6213093,success
3909748,success
12561175,success
6217463,success
17768315,success
7074442,success
2590236,success
14435381,success
17839434,success
24503550,success
22377591,success
23495354,success
24714260,success
14872843,success
8943553,success
6118230,success
7011198,success
2694181,success
8328767,success
19802132,success
2093676,success
2326501,success
1786312,success
22999514,success
29164366,success
23495402,success
381639,success
1763565,success
5429752,success
2592125,success
1756592,success
1590371,success
2322992,success
7117473,success
19685596,success
22377878,success
23001056,success
23001410,success
23495408,success
23893458,success
24464143,success
5555132,success
2372840,success
5729723,success
398785,success
2594700,success
562384,success
2708645,success
19196872,success
829053,success
4841992,success
2108061,success
3424701,success
408407,success
22378185,success
1578939,success
18829031,success
13095570,success
1756794,success
411132,success
1421997,success
2108882,success
14178475,success
829944,success
5008164,success
12050645,success
5763651,success
22345373,success
22915356,success
23893949,success
24214087,success
6527983,success
405267,success
1372027,success
9194060,success
1334288,success
22346248,success
19758846,success
23495651,success
22915303,success
23894204,success
24214325,success
24464161,success
24893653,success
26557993,success
5438790,success
1920837,success
1203904,success
1422381,success
1509506,success
3956918,success
14638022,success
15695012,success
2110564,success
539992,success
5007585,success
527689,success
11768831,success
20218366,success
22378792,success
23001206,success
23495827,success
24714273,success
6342304,success
6862528,success
3191752,success
27137071,success
3555006,success
12453617,success
5646291,success
389875,success
762467,success
23001482,success
23495846,success
23894284,success
24214489,success
24503706,success
24893838,success
5730282,success
19487482,success
6151957,success
5889837,success
1788187,success
3407746,success
8859507,success
24503649,success
7162453,success
7363715,success
6733055,success
519996,success
1512442,success
23894318,success
1788634,success
1628555,success
414274,success
1204629,success
5730477,success
6394473,success
6273841,success
10196197,success
6140404,success
1629110,success
5393515,success
1393809,success
393245,success
944619,success
1178092,success
1920356,success
12779338,success
713037,success
27160644,success
27223588,success
25217105,success
27215008,success
25401865,success
27229947,success
27236133,success
27240130,success
27240616,success
25444751,success
5804192,success
1513987,success
6273871,success
6384969,success
6399237,success
7117642,success
9407524,success
10458187,success
12681070,success
1980164,success
19887779,success
20010667,success
872915,success
25439663,success
22379052,success
2666246,success
23894286,success
24214651,success
24464636,success
24464941,success
25151597,success
25048467,success
25309700,success
5708625,success
14494360,success
11191777,success
641308,success
6784196,success
8349521,success
381637,success
11056551,success
1206384,success
10458724,success
1293390,success
3425046,success
18825007,success
22379276,success
6850842,success
23894394,success
24215271,success
23002011,success
11651867,success
24504165,success
24714580,success
26022874,success
5708483,success
5433293,success
616355,success
8821246,success
7579359,success
1941327,success
26518375,success
18823536,success
19225293,success
6081928,success
2818429,success
22379207,success
1515304,success
366635,success
3073368,success
14770875,success
3080494,success
5579804,success
1337635,success
6082051,success
6399599,success
6342471,success
22379418,success
23002399,success
1047328,success
23496384,success
23894222,success
24215283,success
24464836,success
24504215,success
24714520,success
7886952,success
7161034,success
5517696,success
404828,success
1495348,success
6483259,success
4856347,success
12454046,success
4891310,success
22379537,success
26098681,success
20649994,success
539993,success
405765,success
6208691,success
1337819,success
14963019,success
4891376,success
393454,success
18414677,success
410215,success
24894058,success
19772418,success
8147889,success
5323433,success
6082366,success
456863,success
12619016,success
427738,success
7984253,success
23002482,success
22380060,success
23496386,success
23894999,success
17629541,success
24464934,success
24504312,success
29163799,success
6897400,success
25048577,success
12774805,success
1205858,success
29163798,success
6484133,success
7020820,success
7184359,success
639313,success
12619272,success
13145363,success
23895135,success
8489057,success
23895157,success
24464953,success
24715018,success
24894238,success
25048869,success
25242662,success
6160720,success
6756362,success
6160844,success
5112817,success
5202749,success
365797,success
6220406,success
22380083,success
1514804,success
817604,success
25439808,success
6274518,success
5672544,success
14638680,success
5275343,success
367058,success
17993075,success
2712577,success
542411,success
11237316,success
1178092,success
594736,success
6864187,success
1320984,success
1481810,success
528236,success
22380655,success
23895197,success
1517693,success
5691021,success
2145821,success
18772788,success
3102292,success
14277813,success
1402046,success
7184559,success
5578342,success
2065224,success
22380075,success
23002635,success
24714987,success
5999482,success
9454571,success
5770205,success
9391460,success
844048,success
409026,success
5630814,success
23002579,success
5000338,success
7231242,success
846505,success
439078,success
23496678,success
11869559,success
2067408,success
1226851,success
405295,success
423065,success
9455221,success
5847481,success
13679028,success
7887158,success
2067497,success
1324629,success
1321133,success
404529,success
6860014,success
1204410,success
8763584,success
18605799,success
1575984,success
379440,success
576528,success
18091222,success
22381109,success
23003107,success
22020333,success
23895460,success
2467515,success
24464985,success
24715799,success
25151670,success
1177793,success
2067506,success
827791,success
2432271,success
7323962,success
14768711,success
22123747,success
29163888,success
1899282,success
5788983,success
444768,success
407832,success
563507,success
1590836,success
6446425,success
1369367,success
1519139,success
23494436,success
22999506,success
23497229,success
17161407,success
21742495,success
398604,success
5808514,success
8484961,success
1366946,success
5702203,success
2226481,success
6864265,success
578182,success
7118234,success
18547763,success
396188,success
6485152,success
1518261,success
1010758,success
24215383,success
22708384,success
6914291,success
19319557,success
1697337,success
654247,success
528356,success
7323904,success
892827,success
564259,success
6446767,success
9455962,success
22374780,success
6132825,success
1373586,success
12454322,success
23003389,success
23437132,success
21291879,success
6190048,success
5533684,success
419104,success
478229,success
667858,success
9522380,success
6119003,success
13908604,success
20003499,success
16769026,success
1176592,success
20073955,success
2819926,success
5533360,success
2958688,success
3760716,success
7838494,success
26068139,success
1154804,success
1697903,success
3408647,success
932299,success
6617946,success
366072,success
15977149,success
430528,success
712016,success
24715828,success
25440054,success
4891721,success
12421841,success
827539,success
3951164,success
6446956,success
19856530,success
2062086,success
5647410,success
3961020,success
12529859,success
414320,success
14035086,success
25502274,success
26099357,success
16517452,success
15585782,success
13503146,success
1337982,success
20234592,success
830209,success
22381374,success
20003490,success
23003507,success
23895485,success
24215717,success
19643497,success
24465386,success
1156054,success
444415,success
6729539,success
2110564,success
6356759,success
1249784,success
435244,success
477243,success
6618464,success
6132791,success
2614267,success
416247,success
667854,success
806261,success
22381487,success
23003555,success
2083723,success
26068406,success
26098825,success
26098824,success
26123226,success
526989,success
4929831,success
6342992,success
1249789,success
8484955,success
6447769,success
2615746,success
24505330,success
387310,success
1024913,success
1002661,success
23497470,success
7146471,success
19642154,success
23004372,success
4929662,success
23895538,success
24716387,success
24216009,success
25310301,success
24894454,success
24465687,success
25048981,success
25149379,success
25373631,success
25440073,success
25412305,success
25501851,success
25550359,success
25549920,success
26557351,success
12530000,success
1698509,success
1699144,success
1367610,success
2433662,success
7887250,success
17653253,success
1762247,success
5377552,success
416312,success
4930234,success
1342941,success
1178453,success
1249790,success
5202591,success
1762549,success
416549,success
5378438,success
830666,success
8457817,success
6875100,success
22378775,success
5013093,success
13471040,success
21107425,success
23497635,success
23895696,success
24216056,success
24465926,success
24505577,success
24716467,success
2434340,success
20010699,success
4930784,success
3254988,success
8385419,success
5534950,success
5378833,success
659303,success
1590845,success
1422923,success
19879633,success
12589036,success
6119478,success
1699862,success
2089840,success
3159699,success
505031,success
423377,success
828633,success
3871372,success
8445184,success
29164269,success
404942,success
19793530,success
1592018,success
13146023,success
16513172,success
9522538,success
16175926,success
16844896,success
6506913,success
418391,success
22382405,success
5172327,success
23006083,success
23498009,success
23895621,success
24466134,success
24505698,success
24466569,success
24895060,success
24716557,success
25048967,success
25146921,success
26023153,success
8932006,success
26068449,success
26124345,success
1923422,success
11849514,success
14476446,success
3871663,success
1249775,success
1337621,success
1119079,success
1389715,success
13679222,success
2434596,success
22382440,success
23006239,success
9446875,success
5203534,success
22348565,success
25572964,success
7527999,success
9291979,success
450829,success
753576,success
8061165,success
2330254,success
1344022,success
5203897,success
6747852,success
12680981,success
6709550,success
23007566,success
24216692,success
23498710,success
23896700,success
24466157,success
24505733,success
16548247,success
22803264,success
27137352,success
25049132,success
2330922,success
829688,success
1352219,success
17005133,success
1293850,success
464949,success
1784694,success
6811579,success
2331289,success
831359,success
12050541,success
14536231,success
11758654,success
381360,success
11056922,success
15986177,success
451464,success
5327954,success
6447757,success
367382,success
950046,success
19873992,success
24466267,success
22382352,success
23896847,success
5310350,success
24216825,success
12100420,success
23105483,success
24895259,success
18318975,success
25151760,success
25537809,success
6274961,success
9306561,success
576540,success
1925106,success
7887237,success
18810356,success
12092110,success
13178052,success
19854087,success
24216985,success
23007754,success
22532042,success
19942009,success
23498956,success
24466309,success
24505975,success
24895285,success
24895292,success
6825703,success
25310293,success
11987587,success
1925322,success
15741496,success
5022748,success
5328058,success
423548,success
8061184,success
432818,success
1294536,success
19970805,success
19158425,success
22382985,success
22384414,success
22384505,success
1925224,success
3281745,success
5328248,success
829763,success
508239,success
408852,success
7228402,success
9614412,success
1288643,success
6905190,success
19546824,success
889995,success
413212,success
23007957,success
23896994,success
22383372,success
24217187,success
22933275,success
26581610,success
12681397,success
7010270,success
8457802,success
505147,success
1518781,success
1004783,success
7235190,success
8626971,success
5152152,success
1150135,success
23499585,success
23001273,success
23896878,success
24217314,success
24466589,success
24506001,success
25440598,success
25049746,success
6592590,success
6729700,success
20052061,success
1157918,success
3177433,success
9998224,success
6767851,success
13727025,success
9614592,success
586140,success
23008657,success
1150049,success
23499603,success
23897288,success
24217387,success
7256897,success
1319491,success
17224445,success
7693008,success
5534844,success
5729931,success
7088822,success
15986512,success
22383985,success
23008942,success
23499619,success
23897403,success
24217615,success
1180500,success
24445763,success
24506034,success
24716979,success
24895434,success
25242805,success
6862718,success
460110,success
2435225,success
494499,success
11391187,success
398872,success
6710755,success
22384024,success
23008988,success
23457477,success
17041282,success
24506424,success
26518813,success
9945381,success
3961251,success
6488814,success
17557229,success
1367778,success
13760969,success
6411101,success
449126,success
1321266,success
23499732,success
24506540,success
23009036,success
24217799,success
23897615,success
24466798,success
24507127,success
24717058,success
24895463,success
25310311,success
708772,success
3968983,success
562591,success
6099055,success
527126,success
8669844,success
7880452,success
5770401,success
6357090,success
29165369,success
1321587,success
442970,success
1630229,success
16864093,success
936504,success
1630568,success
1498488,success
3102566,success
1876268,success
22384236,success
1368534,success
23009793,success
23499716,success
5511308,success
6861164,success
6357249,success
442602,success
8820064,success
956030,success
12050641,success
1855494,success
1498512,success
406745,success
22384312,success
1368805,success
21580672,success
25549951,success
5049279,success
5999471,success
2959531,success
1701229,success
5347915,success
6153194,success
6863062,success
1178326,success
22365183,success
1368840,success
23010015,success
366482,success
23010683,success
24717169,success
11389270,success
6357307,success
10459268,success
2712831,success
7799755,success
17909581,success
2182000,success
376242,success
369422,success
19098396,success
22384568,success
23500304,success
5049548,success
634722,success
497752,success
439045,success
449446,success
1701992,success
1295009,success
1856294,success
5272346,success
1597560,success
1572429,success
3433514,success
9068758,success
5209374,success
8092750,success
2089636,success
8746889,success
7184579,success
3433492,success
6395934,success
8937342,success
442229,success
382232,success
24217861,success
376261,success
389085,success
19994843,success
14569791,success
1001055,success
681466,success
17846735,success
18823707,success
366866,success
12455460,success
8092246,success
10123741,success
22384585,success
5113724,success
6260947,success
8501874,success
18438888,success
392666,success
23010052,success
833767,success
23500470,success
23897928,success
24217873,success
24506635,success
24717542,success
27137375,success
8826426,success
6208916,success
4864379,success
5678233,success
1353022,success
2436268,success
5540657,success
1855896,success
1002557,success
6237510,success
22384550,success
19813509,success
20051961,success
23010346,success
23897682,success
23500528,success
25243016,success
429786,success
436949,success
1805049,success
4156993,success
6191273,success
2089376,success
2436511,success
22384665,success
18658398,success
23010363,success
23326850,success
23897882,success
24217921,success
24506530,success
24466834,success
6181125,success
1362002,success
6198263,success
5278417,success
1295000,success
628834,success
4197855,success
7749333,success
6083103,success
8505370,success
827943,success
829115,success
3434330,success
1845257,success
7396496,success
6769653,success
7039679,success
11987662,success
5405218,success
7801034,success
5764542,success
7319465,success
26518900,success
22373060,success
23010825,success
24895906,success
5685086,success
1353296,success
1596856,success
6626703,success
866855,success
900460,success
20012238,success
14440880,success
1596909,success
1498680,success
666892,success
6411527,success
3201071,success
4845603,success
5722032,success
1203838,success
12681440,success
6660139,success
461744,success
22384996,success
23006043,success
8871659,success
15019451,success
627128,success
3435411,success
5648609,success
2091085,success
7450771,success
5709714,success
552188,success
1136063,success
1224483,success
6748883,success
519050,success
22079633,success
8671065,success
13309221,success
11592146,success
13761346,success
13727147,success
1630568,success
435794,success
20475876,success
20049206,success
17903560,success
1423885,success
807530,success
5329361,success
1520792,success
22385136,success
17022516,success
26068510,success
19888315,success
23501455,success
23898006,success
24218031,success
26022541,success
26098827,success
26115624,success
26122311,success
25273588,success
14686125,success
1012409,success
1423893,success
19879688,success
8386538,success
22385512,success
29165436,success
19997586,success
23011945,success
24506848,success
24466875,success
24717643,success
25050344,success
24896273,success
25151980,success
25502706,success
25310448,success
25373995,success
25412625,success
5834494,success
1520880,success
13727178,success
10907869,success
13761744,success
9616097,success
367830,success
5439395,success
14826210,success
19022473,success
543632,success
528922,success
438822,success
533025,success
3208811,success
5647372,success
1597223,success
493264,success
9268717,success
7887705,success
22385770,success
19870182,success
22282629,success
854963,success
20209250,success
6153716,success
536387,success
19948498,success
8939270,success
8329162,success
13432569,success
9180420,success
1568005,success
493073,success
22385668,success
23011948,success
24467096,success
24218297,success
23898094,success
23899028,success
12116292,success
24506861,success
24896360,success
5286031,success
25243238,success
13504635,success
1424392,success
3209875,success
895784,success
14427659,success
5426942,success
395339,success
6140804,success
11425201,success
526178,success
23012068,success
23501659,success
24217369,success
24397109,success
3154925,success
6184035,success
585213,success
8540026,success
5438419,success
7010987,success
22386336,success
6141624,success
19637722,success
23898608,success
21831195,success
23012084,success
23501817,success
24218882,success
24467118,success
24506926,success
24717887,success
12027540,success
1805508,success
366592,success
1856827,success
8216677,success
8219483,success
25441104,success
451074,success
1013349,success
8061296,success
1295462,success
13180655,success
843892,success
22267548,success
23012265,success
23502037,success
23898686,success
24219412,success
25502761,success
26519785,success
25586880,success
25573224,success
509084,success
1113147,success
1719937,success
11502327,success
6141776,success
1338277,success
19480051,success
18917311,success
364960,success
23013240,success
5118209,success
5834870,success
1499200,success
6857301,success
7041727,success
453611,success
7303620,success
465009,success
6082829,success
6857317,success
6601005,success
17532867,success
6208883,success
21742817,success
1246409,success
22386704,success
23003827,success
1424318,success
20025513,success
577823,success
523000,success
1700727,success
8684680,success
18136571,success
5881764,success
496388,success
1702770,success
515735,success
1533439,success
827831,success
11584226,success
424930,success
10003839,success
23011474,success
23502096,success
27174028,success
23898702,success
19907151,success
5152516,success
3210005,success
6121780,success
1499773,success
484652,success
445078,success
5644034,success
1295293,success
468814,success
1500160,success
5834976,success
8387479,success
5152647,success
7113209,success
6710992,success
9733784,success
5581841,success
6700849,success
1066456,success
1521416,success
18936739,success
22079722,success
22387388,success
29165493,success
23013539,success
1424590,success
5147868,success
12925596,success
6358265,success
863904,success
7124949,success
669014,success
526009,success
1310950,success
6997874,success
9819792,success
6755238,success
7299214,success
22387197,success
845597,success
23502238,success
23898704,success
24718064,success
8219496,success
786718,success
583788,success
24507253,success
5152837,success
3114605,success
1597560,success
6874401,success
6591023,success
576789,success
6660646,success
22387336,success
23013655,success
1330222,success
16954035,success
6217714,success
1295653,success
1549721,success
889891,success
1144740,success
412875,success
19550781,success
587386,success
1180097,success
21783311,success
22387505,success
23014463,success
23898758,success
24467718,success
1417331,success
1295667,success
8900865,success
1500803,success
5889461,success
863001,success
6660858,success
8731112,success
1344691,success
1169603,success
447576,success
531073,success
8974152,success
23010871,success
23898781,success
24219456,success
1631091,success
8881765,success
5145959,success
8329090,success
597153,success
849390,success
25441627,success
2007288,success
8017054,success
26023731,success
20875763,success
25503351,success
22367049,success
13964276,success
23898790,success
24219800,success
24468201,success
8327336,success
24718152,success
25050420,success
1758866,success
627382,success
12883006,success
14319126,success
5146352,success
12518796,success
9733233,success
8939409,success
19770604,success
22387766,success
23014738,success
19858996,success
19802145,success
7348312,success
6771212,success
4201934,success
367795,success
513105,success
666954,success
19527293,success
23014979,success
23898978,success
24219906,success
24468469,success
24468666,success
24507471,success
5246271,success
1049582,success
408193,success
3910912,success
4931264,success
13612687,success
19497817,success
23503286,success
23899336,success
24219953,success
24468488,success
29165961,success
1521497,success
4931563,success
6999975,success
1631753,success
5380335,success
635268,success
5146592,success
7839159,success
6637045,success
7235632,success
5417262,success
456860,success
22387953,success
1886475,success
5927995,success
23899613,success
4931126,success
5999648,success
793004,success
5148506,success
879759,success
19594505,success
17849448,success
3189507,success
21783405,success
605608,success
23015274,success
18397951,success
23899859,success
24718171,success
2113081,success
5381651,success
418573,success
6142387,success
26519847,success
7380831,success
6261116,success
13727091,success
8171810,success
831865,success
1884250,success
2171054,success
6120359,success
22388641,success
23015420,success
23503480,success
23899954,success
25441810,success
24468762,success
9734507,success
3915163,success
5382096,success
7801250,success
454885,success
6151017,success
11220294,success
8484974,success
17944239,success
5514669,success
625715,success
7889214,success
6124814,success
523135,success
1109167,success
1425411,success
22388699,success
451416,success
23899919,success
24220307,success
20590107,success
24718201,success
26068651,success
6126411,success
1923034,success
9653305,success
21117898,success
450218,success
476978,success
1597800,success
609435,success
6747570,success
3917754,success
22296020,success
25441932,success
25503492,success
25550053,success
6660998,success
6848816,success
7451124,success
6857415,success
4932764,success
5791863,success
1857162,success
5691136,success
1203879,success
22386044,success
23015571,success
22999942,success
24896602,success
5044365,success
16863697,success
1939760,success
1426038,success
1011046,success
1295791,success
6580601,success
22389500,success
24896588,success
5691864,success
6154462,success
15213557,success
13612819,success
4933969,success
14778564,success
725382,success
840123,success
22389789,success
23016371,success
11357837,success
23900057,success
19554440,success
24508003,success
24220351,success
24468952,success
24718509,success
24895285,success
25050582,success
25152166,success
25152432,success
27137483,success
2226904,success
2175040,success
844838,success
14930217,success
14731318,success
18752312,success
5153244,success
1941209,success
22389856,success
2437214,success
1138883,success
752006,success
435184,success
14440863,success
5766522,success
8594633,success
20306476,success
25442117,success
23016703,success
23504013,success
23900326,success
24508110,success
24469043,success
5773029,success
403148,success
885912,success
6580783,success
3213580,success
5153559,success
4934446,success
5766623,success
6849689,success
9734517,success
13819850,success
1322332,success
22390168,success
29166385,success
23270567,success
26130954,success
26133620,success
5766794,success
8484977,success
577843,success
6756071,success
366754,success
3971559,success
19841370,success
1295763,success
22390191,success
23504535,success
5298409,success
7324859,success
8507238,success
9331157,success
14559309,success
8441689,success
2620186,success
19488901,success
19887065,success
22390015,success
793038,success
18378203,success
23016878,success
23016894,success
23504746,success
24718676,success
23900405,success
3181875,success
6195001,success
502888,success
5704127,success
5999856,success
414699,success
1349790,success
829269,success
22079825,success
20650439,success
22390341,success
23016877,success
24508172,success
23504928,success
24220505,success
10844019,success
24342328,success
24719218,success
875985,success
24896891,success
17910102,success
5835241,success
12925644,success
14941013,success
19011287,success
9630413,success
5649030,success
10177627,success
5536464,success
6100077,success
413627,success
22390464,success
23016864,success
23900611,success
23342814,success
6485564,success
9734803,success
9866099,success
8626575,success
5689509,success
7681868,success
7810477,success
415183,success
1597930,success
425319,success
1047829,success
1177093,success
7325033,success
482592,success
826239,success
22390813,success
23017046,success
23900924,success
24220506,success
1668041,success
7821586,success
6964887,success
6771445,success
14214563,success
827867,success
5692414,success
6343167,success
8080357,success
19758916,success
22391221,success
1012724,success
23505532,success
24220547,success
26139432,success
367297,success
438410,success
812555,success
18859191,success
1953228,success
15213322,success
5692708,success
9550656,success
22391035,success
20040453,success
665991,success
23017159,success
23505418,success
23506381,success
23901022,success
8624401,success
24469201,success
24508698,success
24719314,success
6253862,success
1203259,success
4892314,success
448591,success
1501410,success
5684015,success
994960,success
5634204,success
1954781,success
7963803,success
22391790,success
5907763,success
454531,success
5807710,success
6485829,success
5581798,success
1846956,success
4238743,success
12484482,success
5187192,success
15401640,success
22391902,success
11339728,success
23017321,success
23476507,success
25442359,success
24220845,success
24469396,success
513236,success
398280,success
9982852,success
4249121,success
6661007,success
15742803,success
5693127,success
22391786,success
23017506,success
23901357,success
25503515,success
6030910,success
25550168,success
25442811,success
25550634,success
25573146,success
26069275,success
18246159,success
453264,success
6494497,success
6755425,success
5114095,success
7838663,success
16513578,success
11602193,success
7144419,success
22392936,success
23017726,success
23506009,success
23902303,success
24220931,success
24402844,success
24719656,success
16953930,success
7953728,success
651737,success
20426634,success
1296213,success
4936458,success
7299300,success
1316929,success
3435878,success
367008,success
458549,success
27137767,success
27174056,success
27197782,success
26612546,success
27215065,success
3933366,success
6406467,success
2621435,success
25438312,success
459509,success
1210284,success
20875256,success
627485,success
462108,success
27138030,success
19626296,success
1711994,success
23506207,success
23902508,success
23903338,success
24220932,success
24469580,success
27174227,success
27223787,success
11560839,success
5153893,success
1308901,success
456993,success
17908360,success
6771596,success
7509538,success
1889403,success
6406648,success
1136552,success
366921,success
754750,success
1338253,success
12111704,success
22393209,success
23018573,success
23506522,success
23813539,success
455951,success
5537043,success
7324776,success
6357794,success
1632419,success
456566,success
470866,success
1522480,success
22393280,success
23018615,success
23506640,success
23902587,success
24221072,success
21285453,success
25050643,success
2433515,success
1632424,success
2007323,success
1807269,success
5705006,success
365900,success
1317972,success
458462,success
7540291,success
14870923,success
20070159,success
20650084,success
27174334,success
18239678,success
1322138,success
1807314,success
6536979,success
9735358,success
18615037,success
4876352,success
833800,success
22393680,success
23018604,success
23506958,success
23902682,success
24221534,success
24469984,success
1762388,success
1369362,success
956371,success
11485234,success
753681,success
9849985,success
409559,success
840682,success
937309,success
22394238,success
23004096,success
23507145,success
23902765,success
24470014,success
24897033,success
4893207,success
5131618,success
5705148,success
497027,success
6966366,success
5073609,success
1522568,success
5558251,success
16865989,success
847708,success
22394446,success
23019889,success
26520173,success
24509269,success
20243668,success
4891369,success
8464594,success
7540375,success
1197984,success
11448301,success
22394436,success
11987823,success
11091856,success
20078078,success
23019952,success
23507848,success
24222833,success
24509593,success
24222461,success
24470361,success
20524677,success
26520059,success
393425,success
6770812,success
25310992,success
6608934,success
15490653,success
6618787,success
6997884,success
6358839,success
6540522,success
1110614,success
5794276,success
5444021,success
1175174,success
26520157,success
22394962,success
26581883,success
14782003,success
26597809,success
1426888,success
5537131,success
462139,success
593884,success
6541337,success
5678243,success
7325762,success
562313,success
1220872,success
22395040,success
830057,success
23020177,success
23508260,success
27197895,success
24720287,success
24897217,success
8362057,success
12342292,success
25311169,success
19534549,success
3216548,success
2099347,success
503077,success
21935833,success
5704328,success
7184843,success
1857542,success
1925983,success
11091787,success
8484982,success
6834682,success
17910863,success
437641,success
13716028,success
14941082,success
1203869,success
22395099,success
23020414,success
23508553,success
3170595,success
5308629,success
3283077,success
1249375,success
13410194,success
1857869,success
25051237,success
23020635,success
22395135,success
23902816,success
24223176,success
21214403,success
24509997,success
27138238,success
24897243,success
26021658,success
23488467,success
29166436,success
25152448,success
25311331,success
21888643,success
25504058,success
2719230,success
5209360,success
2252410,success
843752,success
7271170,success
827824,success
405442,success
458161,success
850630,success
803942,success
1598542,success
8651972,success
25443255,success
1956645,success
23021291,success
23508887,success
1198343,success
551700,success
7165173,success
1322875,success
13612961,success
1599201,success
519249,success
6995778,success
2718212,success
4905780,success
472939,success
875386,success
6772496,success
11405871,success
18816047,success
6220578,success
7540406,success
13613131,success
5392176,success
6628936,success
14427813,success
4904999,success
458857,success
2716746,success
19319903,success
12187546,success
26098918,success
27138243,success
27174268,success
27223266,success
6708409,success
828332,success
1010651,success
394207,success
6753865,success
6597913,success
14540606,success
3219392,success
1705003,success
23021456,success
4254875,success
7327130,success
1633556,success
1522809,success
1205283,success
13967233,success
8837006,success
1580691,success
11561629,success
6329687,success
1728952,success
1013349,success
22395649,success
24510048,success
14109666,success
7164264,success
6622548,success
6751324,success
5537179,success
827626,success
743178,success
5693409,success
17837418,success
8651612,success
1427658,success
1081285,success
24720344,success
22395882,success
23509230,success
23903281,success
6455196,success
5394047,success
6260215,success
16954382,success
13290190,success
4857047,success
6275575,success
24510055,success
24720529,success
24897203,success
8484981,success
5392674,success
11498519,success
2448721,success
6039336,success
740696,success
1522859,success
1010652,success
424804,success
4930873,success
7364430,success
4906377,success
2173928,success
1296308,success
25443288,success
25505424,success
25598320,success
18605846,success
8080597,success
6275841,success
1353518,success
6100315,success
1937914,success
5395981,success
1070920,success
2140889,success
6254221,success
22396003,success
23509303,success
23903395,success
24223598,success
24470850,success
24510172,success
24720565,success
24897501,success
25311382,success
11206964,success
541125,success
6192161,success
445609,success
11511954,success
1891195,success
6154776,success
5395749,success
1000825,success
6100365,success
22396026,success
23022707,success
6871516,success
1876312,success
5008654,success
5950876,success
5310350,success
1660439,success
11602311,success
1860120,success
7327341,success
22395782,success
24720712,success
24223774,success
25051316,success
25311507,success
11584238,success
7960313,success
1807297,success
5298566,success
569746,success
764648,success
20741880,success
6217536,success
13996912,success
22396265,success
29166709,success
23022833,success
1369248,success
6378221,success
5583059,success
1611871,success
5311301,success
1058560,success
1891503,success
18606052,success
